USE test;
-- Insert sample data into USER table
INSERT INTO USER (Name, UserEmailID, Address) VALUES
('John Doe', 'john.doe@example.com', '123 Main St, City, Country'),
('Jane Smith', 'jane.smith@example.com', '456 Elm St, Town, Country'),
('Alice Johnson', 'alice.johnson@example.com', '789 Oak St, Village, Country'),
('Michael Johnson', 'michael.johnson@example.com', '321 Oak St, City, Country'),
('Emily Brown', 'emily.brown@example.com', '654 Maple St, Town, Country'),
('David Wilson', 'david.wilson@example.com', '987 Pine St, Village, Country'),
('Sarah Lee', 'sarah.lee@example.com', '741 Birch St, City, Country'),
('James Taylor', 'james.taylor@example.com', '852 Cedar St, Town, Country'),
('Jessica Martinez', 'jessica.martinez@example.com', '963 Spruce St, Village, Country'),
('Daniel Clark', 'daniel.clark@example.com', '147 Willow St, City, Country'),
('Sophia Brown', 'sophia.brown@example.com', '258 Cherry St, Town, Country'),
('Matthew Wilson', 'matthew.wilson@example.com', '369 Pine St, Village, Country'),
('Olivia Garcia', 'olivia.garcia@example.com', '753 Birch St, City, Country'),
('William Rodriguez', 'william.rodriguez@example.com', '846 Cedar St, Town, Country'),
('Ava Martinez', 'ava.martinez@example.com', '369 Spruce St, Village, Country'),
('Alexander Clark', 'alexander.clark@example.com', '753 Willow St, City, Country'),
('Sophia Brown', 'sophia.brown@example.com', '258 Cherry St, Town, Country'),
('Matthew Wilson', 'matthew.wilson@example.com', '369 Pine St, Village, Country'),
('Olivia Garcia', 'olivia.garcia@example.com', '753 Birch St, City, Country'),
('William Rodriguez', 'william.rodriguez@example.com', '846 Cedar St, Town, Country');

-- Insert sample data into BRANCH table
INSERT INTO BRANCH (Location) VALUES
('Downtown'),
('Uptown'),
('Midtown'),
('Westside'),
('Eastside'),
('Northside'),
('Southside'),
('Central'),
('Suburban'),
('Rural'),
('Urban'),
('Coastal'),
('Industrial'),
('Mountain'),
('Island'),
('Metropolitan'),
('Seaside'),
('Riverfront'),
('Historic'),
('Residential');

-- Insert sample data into ACCOUNT table
INSERT INTO ACCOUNT (UserID, BranchID, InterestOnSavings, Balance) VALUES
(1, 1, 0.05, 5000.00),
(2, 2, 0.03, 7000.00),
(3, 3, 0.04, 3000.00),
(4, 4, 0.02, 4000.00),
(5, 5, 0.04, 6000.00),
(6, 6, 0.03, 8000.00),
(7, 7, 0.03, 6000.00),
(8, 8, 0.02, 9000.00),
(9, 9, 0.04, 7000.00),
(10, 10, 0.05, 10000.00),
(11, 11, 0.04, 8000.00),
(12, 12, 0.06, 12000.00),
(13, 13, 0.03, 5000.00),
(14, 14, 0.05, 15000.00),
(15, 15, 0.04, 9000.00),
(16, 16, 0.02, 4000.00),
(17, 17, 0.03, 6000.00),
(18, 18, 0.04, 8000.00),
(19, 19, 0.05, 10000.00),
(20, 20, 0.03, 7000.00);

-- Insert sample data into TRANSACTIONS table
INSERT INTO TRANSACTIONS (Type, Amount, Date, AccountNumber) VALUES
('Deposit', 1000.00, '2024-04-10', 1),
('Withdrawal', 500.00, '2024-04-12', 2),
('Deposit', 200.00, '2024-04-13', 3),
('Withdrawal', 2000.00, '2024-04-10', 4),
('Deposit', 1000.00, '2024-04-12', 5),
('Withdrawal', 500.00, '2024-04-13', 6),
('Deposit', 800.00, '2024-04-10', 7),
('Withdrawal', 300.00, '2024-04-12', 8),
('Deposit', 500.00, '2024-04-13', 9),
('Withdrawal', 1000.00, '2024-04-10', 10),
('Deposit', 1200.00, '2024-04-10', 11),
('Withdrawal', 700.00, '2024-04-12', 12),
('Deposit', 300.00, '2024-04-13', 13),
('Withdrawal', 1500.00, '2024-04-10', 14),
('Deposit', 600.00, '2024-04-12', 15),
('Withdrawal', 200.00, '2024-04-13', 16),
('Deposit', 900.00, '2024-04-10', 17),
('Withdrawal', 400.00, '2024-04-12', 18),
('Deposit', 800.00, '2024-04-13', 19),
('Withdrawal', 500.00, '2024-04-10', 20);

-- Insert sample data into NOTIFICATIONS table
INSERT INTO NOTIFICATIONS (Message, UserID) VALUES
('Your account balance is low.', 1),
('Transaction successful.', 2),
('Loan approved.', 3),
('Payment received.', 4),
('Account overdraft.', 5),
('New loan offer.', 6),
('Payment received.', 7),
('Account overdraft.', 8),
('New loan offer.', 9),
('Your account balance is low.', 10),
('Transaction successful.', 11),
('Loan approved.', 12),
('Payment received.', 13),
('Account overdraft.', 14),
('New loan offer.', 15),
('Payment received.', 16),
('Account overdraft.', 17),
('New loan offer.', 18),
('Your account balance is low.', 19),
('Transaction successful.', 20);

-- Insert sample data into CARD table
INSERT INTO CARD (AccountNumber, `Limit`, CardType, ExpiryDate) VALUES
(1, 2000.00, 'Debit', '2026-12-31'),
(2, 5000.00, 'Credit', '2027-01-31'),
(3, 3000.00, 'Debit', '2026-12-31'),
(4, 1500.00, 'Debit', '2027-02-28'),
(5, 4000.00, 'Credit', '2027-01-31'),
(6, 2000.00, 'Debit', '2026-11-30'),
(7, 3000.00, 'Credit', '2027-03-31'),
(8, 2500.00, 'Debit', '2026-10-31'),
(9, 3500.00, 'Credit', '2027-04-30'),
(10, 6000.00, 'Debit', '2026-09-30'),
(11, 4000.00, 'Debit', '2027-05-31'),
(12, 7000.00, 'Credit', '2027-06-30'),
(13, 2000.00, 'Debit', '2026-07-31'),
(14, 8000.00, 'Credit', '2027-08-31'),
(15, 5000.00, 'Debit', '2026-08-31'),
(16, 1500.00, 'Debit', '2027-09-30'),
(17, 3000.00, 'Credit', '2027-10-31'),
(18, 2500.00, 'Debit', '2026-11-30'),
(19, 4000.00, 'Credit', '2027-12-31'),
(20, 5000.00, 'Debit', '2027-01-31');

-- Insert sample data into STATEMENT table
INSERT INTO STATEMENT (TransactionID, AccountNumber) VALUES
(1, 1),
(2, 2),
(3, 3),
(4, 4),
(5, 5),
(6, 6),
(7, 7),
(8, 8),
(9, 9),
(10, 10),
(11, 11),
(12, 12),
(13, 13),
(14, 14),
(15, 15),
(16, 16),
(17, 17),
(18, 18),
(19, 19),
(20, 20);

-- Insert sample data into ADMIN table
INSERT INTO ADMIN (Name, AdminEmailID) VALUES
('Admin One', 'admin.one@example.com'),
('Admin Two', 'admin.two@example.com'),
('Admin Three', 'admin.three@example.com'),
('Admin Four', 'admin.four@example.com'),
('Admin Five', 'admin.five@example.com'),
('Admin Six', 'admin.six@example.com'),
('Admin Seven', 'admin.seven@example.com'),
('Admin Eight', 'admin.eight@example.com'),
('Admin Nine', 'admin.nine@example.com'),
('Admin Ten', 'admin.ten@example.com'),
('Admin Eleven', 'admin.eleven@example.com'),
('Admin Twelve', 'admin.twelve@example.com'),
('Admin Thirteen', 'admin.thirteen@example.com'),
('Admin Fourteen', 'admin.fourteen@example.com'),
('Admin Fifteen', 'admin.fifteen@example.com'),
('Admin Sixteen', 'admin.sixteen@example.com'),
('Admin Seventeen', 'admin.seventeen@example.com'),
('Admin Eighteen', 'admin.eighteen@example.com'),
('Admin Nineteen', 'admin.nineteen@example.com'),
('Admin Twenty', 'admin.twenty@example.com');

-- Insert sample data into EMPLOYEE table
INSERT INTO EMPLOYEE (Designation, Name, BranchID, EmpEmailID) VALUES
('Manager', 'Manager One', 1, 'manager.one@example.com'),
('Clerk', 'Clerk One', 2, 'clerk.one@example.com'),
('Clerk', 'Clerk Two', 3, 'clerk.two@example.com'),
('Manager', 'Manager Two', 4, 'manager.two@example.com'),
('Clerk', 'Clerk Three', 5, 'clerk.three@example.com'),
('Manager', 'Manager Three', 6, 'manager.three@example.com'),
('Clerk', 'Clerk Four', 7, 'clerk.four@example.com'),
('Manager', 'Manager Four', 8, 'manager.four@example.com'),
('Clerk', 'Clerk Five', 9, 'clerk.five@example.com'),
('Manager', 'Manager Five', 10, 'manager.five@example.com'),
('Clerk', 'Clerk Six', 11, 'clerk.six@example.com'),
('Manager', 'Manager Six', 12, 'manager.six@example.com'),
('Clerk', 'Clerk Seven', 13, 'clerk.seven@example.com'),
('Manager', 'Manager Seven', 14, 'manager.seven@example.com'),
('Clerk', 'Clerk Eight', 15, 'clerk.eight@example.com'),
('Manager', 'Manager Eight', 16, 'manager.eight@example.com'),
('Clerk', 'Clerk Nine', 17, 'clerk.nine@example.com'),
('Manager', 'Manager Nine', 18, 'manager.nine@example.com'),
('Clerk', 'Clerk Ten', 19, 'clerk.ten@example.com'),
('Manager', 'Manager Ten', 20, 'manager.ten@example.com');

-- Insert sample data into LOCKER table
INSERT INTO LOCKER (UserID, BranchID) VALUES
(1, 1),
(2, 2),
(3, 3),
(4, 4),
(5, 5),
(6, 6),
(7, 7),
(8, 8),
(9, 9),
(10, 10),
(11, 11),
(12, 12),
(13, 13),
(14, 14),
(15, 15),
(16, 16),
(17, 17),
(18, 18),
(19, 19),
(20, 20);

-- Insert sample data into SALARY table
INSERT INTO SALARY (Amount, AdminID, EmployeeID) VALUES
(5000.00, 1, 1),
(4000.00, 2, 2),
(3000.00, 3, 3),
(4500.00, 4, 4),
(3500.00, 5, 5),
(6000.00, 6, 6),
(4000.00, 7, 7),
(5500.00, 8, 8),
(4700.00, 9, 9),
(6500.00, 10, 10),
(5100.00, 11, 11),
(4400.00, 12, 12),
(3200.00, 13, 13),
(4800.00, 14, 14),
(3600.00, 15, 15),
(5200.00, 16, 16),
(4300.00, 17, 17),
(3900.00, 18, 18),
(5800.00, 19, 19),
(4200.00, 20, 20);

-- Insert sample data into LOAN table
INSERT INTO LOAN (Amount, StartDate, EndDate, LoanInterest, AccountNumber) VALUES
(10000.00, '2024-04-01', '2025-04-01', 0.08, 1),
(15000.00, '2024-03-01', '2025-03-01', 0.06, 2),
(20000.00, '2024-02-01', '2025-02-01', 0.07, 3),
(12000.00, '2024-01-01', '2024-07-01', 0.05, 4),
(18000.00, '2024-04-01', '2025-04-01', 0.09, 5),
(25000.00, '2024-03-01', '2025-03-01', 0.08, 6),
(30000.00, '2024-02-01', '2025-02-01', 0.1, 7),
(21000.00, '2024-01-01', '2024-07-01', 0.07, 8),
(22000.00, '2024-04-01', '2025-04-01', 0.09, 9),
(27000.00, '2024-03-01', '2025-03-01', 0.11, 10),
(32000.00, '2024-02-01', '2025-02-01', 0.12, 11),
(33000.00, '2024-01-01', '2024-07-01', 0.1, 12),
(35000.00, '2024-04-01', '2025-04-01', 0.13, 13),
(37000.00, '2024-03-01', '2025-03-01', 0.15, 14),
(39000.00, '2024-02-01', '2025-02-01', 0.14, 15),
(40000.00, '2024-01-01', '2024-07-01', 0.11, 16),
(42000.00, '2024-04-01', '2025-04-01', 0.16, 17),
(44000.00, '2024-03-01', '2025-03-01', 0.18, 18),
(46000.00, '2024-02-01', '2025-02-01', 0.17, 19),
(48000.00, '2024-01-01', '2024-07-01', 0.13, 20);

